{
   "antelope": {
      "precision": 0.9847198641765704,
      "recall": 0.9948542024013722,
      "f1-score": 0.9897610921501706,
      "support": 583
   },
   "baboon": {
      "precision": 0.9966832504145937,
      "recall": 0.9966832504145937,
      "f1-score": 0.9966832504145937,
      "support": 603
   },
   "bears": {
      "precision": 0.9936908517350158,
      "recall": 0.9905660377358491,
      "f1-score": 0.9921259842519686,
      "support": 318
   },
   "bird": {
      "precision": 0.996415770609319,
      "recall": 0.9982046678635548,
      "f1-score": 0.9973094170403587,
      "support": 557
   },
   "elephants": {
      "precision": 0.9722627737226277,
      "recall": 0.9823008849557522,
      "f1-score": 0.9772560528246514,
      "support": 678
   },
   "giraffe": {
      "precision": 0.9952718676122931,
      "recall": 0.967816091954023,
      "f1-score": 0.9813519813519814,
      "support": 435
   },
   "hare": {
      "precision": 0.975,
      "recall": 0.9948979591836735,
      "f1-score": 0.984848484848485,
      "support": 196
   },
   "hippo": {
      "precision": 0.9508196721311475,
      "recall": 0.9666666666666667,
      "f1-score": 0.9586776859504132,
      "support": 60
   },
   "leopard": {
      "precision": 0.991304347826087,
      "recall": 0.9941860465116279,
      "f1-score": 0.9927431059506532,
      "support": 344
   },
   "lion": {
      "precision": 0.9951690821256038,
      "recall": 0.9856459330143541,
      "f1-score": 0.9903846153846154,
      "support": 418
   },
   "rhino": {
      "precision": 0.9671361502347418,
      "recall": 0.9493087557603687,
      "f1-score": 0.958139534883721,
      "support": 217
   },
   "zebra": {
      "precision": 0.9867109634551495,
      "recall": 0.99,
      "f1-score": 0.9883527454242927,
      "support": 300
   },
   "accuracy": 0.9872584412826503,
   "macro avg": {
      "precision": 0.9837653828369292,
      "recall": 0.984260874705153,
      "f1-score": 0.983969495872992,
      "support": 4709
   },
   "weighted avg": {
      "precision": 0.987310844093732,
      "recall": 0.9872584412826503,
      "f1-score": 0.9872485252224588,
      "support": 4709
   }
}