{
   "antelope": {
      "precision": 0.916256157635468,
      "recall": 0.9538461538461539,
      "f1-score": 0.9346733668341708,
      "support": 195
   },
   "baboon": {
      "precision": 0.9698492462311558,
      "recall": 0.9601990049751243,
      "f1-score": 0.965,
      "support": 201
   },
   "bears": {
      "precision": 0.9142857142857143,
      "recall": 0.9056603773584906,
      "f1-score": 0.909952606635071,
      "support": 106
   },
   "bird": {
      "precision": 0.9203980099502488,
      "recall": 0.9946236559139785,
      "f1-score": 0.9560723514211887,
      "support": 186
   },
   "elephants": {
      "precision": 0.9173553719008265,
      "recall": 0.9779735682819384,
      "f1-score": 0.9466950959488273,
      "support": 227
   },
   "giraffe": {
      "precision": 0.9084507042253521,
      "recall": 0.8835616438356164,
      "f1-score": 0.8958333333333333,
      "support": 146
   },
   "hare": {
      "precision": 0.9298245614035088,
      "recall": 0.803030303030303,
      "f1-score": 0.8617886178861788,
      "support": 66
   },
   "hippo": {
      "precision": 0.9333333333333333,
      "recall": 0.6666666666666666,
      "f1-score": 0.7777777777777778,
      "support": 21
   },
   "leopard": {
      "precision": 0.9727272727272728,
      "recall": 0.9304347826086956,
      "f1-score": 0.9511111111111111,
      "support": 115
   },
   "lion": {
      "precision": 0.9485294117647058,
      "recall": 0.9214285714285714,
      "f1-score": 0.934782608695652,
      "support": 140
   },
   "rhino": {
      "precision": 0.9436619718309859,
      "recall": 0.9178082191780822,
      "f1-score": 0.9305555555555556,
      "support": 73
   },
   "zebra": {
      "precision": 0.9368421052631579,
      "recall": 0.89,
      "f1-score": 0.9128205128205129,
      "support": 100
   },
   "accuracy": 0.932741116751269,
   "macro avg": {
      "precision": 0.9342928217126443,
      "recall": 0.9004360789269684,
      "f1-score": 0.9147552448349483,
      "support": 1576
   },
   "weighted avg": {
      "precision": 0.9332418442691017,
      "recall": 0.932741116751269,
      "f1-score": 0.932026348727138,
      "support": 1576
   }
}