{
   "antelope": {
      "precision": 0.9086538461538461,
      "recall": 0.9692307692307692,
      "f1-score": 0.9379652605459057,
      "support": 195
   },
   "baboon": {
      "precision": 0.9747474747474747,
      "recall": 0.9601990049751243,
      "f1-score": 0.9674185463659147,
      "support": 201
   },
   "bears": {
      "precision": 0.9454545454545454,
      "recall": 0.9811320754716981,
      "f1-score": 0.9629629629629629,
      "support": 106
   },
   "bird": {
      "precision": 0.9521276595744681,
      "recall": 0.9623655913978495,
      "f1-score": 0.9572192513368984,
      "support": 186
   },
   "elephants": {
      "precision": 0.9074889867841409,
      "recall": 0.911504424778761,
      "f1-score": 0.9094922737306844,
      "support": 226
   },
   "giraffe": {
      "precision": 0.9416058394160584,
      "recall": 0.8896551724137931,
      "f1-score": 0.9148936170212766,
      "support": 145
   },
   "hare": {
      "precision": 0.9375,
      "recall": 0.9230769230769231,
      "f1-score": 0.9302325581395349,
      "support": 65
   },
   "hippo": {
      "precision": 0.8695652173913043,
      "recall": 1.0,
      "f1-score": 0.9302325581395349,
      "support": 20
   },
   "leopard": {
      "precision": 0.9576271186440678,
      "recall": 0.9826086956521739,
      "f1-score": 0.9699570815450643,
      "support": 115
   },
   "lion": {
      "precision": 0.9705882352941176,
      "recall": 0.9496402877697842,
      "f1-score": 0.96,
      "support": 139
   },
   "rhino": {
      "precision": 0.8169014084507042,
      "recall": 0.7945205479452054,
      "f1-score": 0.8055555555555557,
      "support": 73
   },
   "zebra": {
      "precision": 0.978021978021978,
      "recall": 0.89,
      "f1-score": 0.9319371727748691,
      "support": 100
   },
   "accuracy": 0.9369828134945895,
   "macro avg": {
      "precision": 0.9300235258277255,
      "recall": 0.9344944577260068,
      "f1-score": 0.931488903176517,
      "support": 1571
   },
   "weighted avg": {
      "precision": 0.9375268713995512,
      "recall": 0.9369828134945895,
      "f1-score": 0.936811038467564,
      "support": 1571
   }
}